City ID,City,Country,Lat,Lng,Max Temp,Humidity,Cloudiness,Wind Speed,Current Description
0,Houma,US,29.5958,-90.7195,66.2,24,0,9.22,Clear
1,Severo-Kurilsk,RU,50.6789,156.125,32.16,78,100,3.87,Clouds
2,Coihaique,CL,-45.5752,-72.0662,46.35,87,0,5.75,Clear
3,Port Alfred,ZA,-33.5906,26.891,56.17,83,71,4.0,Clouds
4,Yellowknife,CA,62.456,-114.3525,41.52,33,20,3.44,Clouds
5,Bengkulu,ID,-3.8004,102.2655,81.43,66,73,1.66,Clouds
6,Geraldton,AU,-28.7667,114.6,79.21,65,75,14.97,Clouds
7,Neiafu,TO,-18.65,-173.9833,86.68,70,40,10.36,Clouds
8,Karratha,AU,-20.7377,116.8463,94.08,31,19,6.89,Clouds
9,Ushuaia,AR,-54.8,-68.3,37.06,75,0,5.75,Clear
10,Punta Arenas,CL,-53.15,-70.9167,33.91,93,0,4.61,Clear
11,Alta Floresta,BR,-9.8756,-56.0861,73.38,92,17,0.34,Clouds
12,Norman Wells,CA,65.282,-126.8329,39.24,41,20,13.8,Clouds
13,Atuona,PF,-9.8,-139.0333,79.39,75,7,15.21,Clear
14,Fortuna,US,40.5982,-124.1573,59.92,71,0,5.75,Clear
15,Innisfail,AU,-17.5333,146.0333,84.45,63,24,9.06,Clouds
16,Chokurdakh,RU,70.6333,147.9167,-0.27,83,100,8.48,Clouds
17,Kapaa,US,22.0752,-159.319,82.38,74,40,19.57,Clouds
18,Nome,US,64.5011,-165.4064,0.16,55,75,9.22,Clouds
19,Tshikapa,CD,-6.4167,20.8,72.09,87,100,2.48,Clouds
20,Erdenet,MN,49.0333,104.0833,41.16,43,8,7.14,Clear
21,Sao Filipe,CV,14.8961,-24.4956,73.45,73,9,9.73,Clear
22,Indianola,US,41.3581,-93.5574,34.29,94,100,18.57,Snow
23,Miramar,US,25.9873,-80.2323,82.42,78,0,10.36,Clear
24,Quatre Cocos,MU,-20.2078,57.7625,77.11,83,67,14.76,Rain
25,Arraial Do Cabo,BR,-22.9661,-42.0278,74.75,81,15,2.33,Clouds
26,Sao Jose Da Coroa Grande,BR,-8.8978,-35.1478,78.04,84,12,3.47,Clouds
27,Qaanaaq,GL,77.484,-69.3632,-6.07,65,0,7.96,Clear
28,Castro,BR,-24.7911,-50.0119,61.7,96,100,4.05,Rain
29,Saint-Philippe,RE,-21.3585,55.7679,72.99,83,53,12.88,Rain
30,Avarua,CK,-21.2078,-159.775,86.05,70,100,12.66,Clouds
31,Matay,EG,28.419,30.7792,81.57,12,76,3.58,Clouds
32,Aswan,EG,24.0934,32.907,83.5,14,0,4.61,Clear
33,Sembe,CG,1.6481,14.5806,70.41,96,82,2.06,Rain
34,Upernavik,GL,72.7868,-56.1549,5.31,96,100,2.19,Clouds
35,Solano,US,38.2333,-121.9511,89.92,25,0,3.44,Clear
36,Wiwili,NI,13.6268,-85.8254,76.33,80,98,4.59,Clouds
37,Noyabrsk,RU,63.1994,75.4507,3.25,95,98,7.29,Clouds
38,Itoman,JP,26.1247,127.6694,75.22,55,40,16.11,Clouds
39,Dong Hoi,VN,17.4833,106.6,73.42,65,49,4.5,Clouds
40,Utrecht,NL,52.0,5.25,43.02,87,66,7.0,Clouds
41,Jamestown,US,42.097,-79.2353,41.02,76,100,10.36,Rain
42,Souillac,MU,-20.5167,57.5167,77.38,88,40,9.22,Rain
43,Rikitea,PF,-23.1203,-134.9692,79.09,74,5,16.02,Rain
44,Faanui,PF,-16.4833,-151.75,81.72,75,23,15.95,Rain
45,Carnarvon,AU,-24.8667,113.6333,78.87,69,75,12.66,Clouds
46,Alta,NO,69.9689,23.2717,28.18,85,75,17.0,Clouds
47,Emerald,AU,-23.5333,148.1667,85.33,48,0,9.22,Clear
48,Bredasdorp,ZA,-34.5322,20.0403,55.72,77,48,6.02,Rain
49,Healdsburg,US,38.6105,-122.8692,87.85,38,0,5.75,Clear
50,Hithadhoo,MV,-0.6,73.0833,82.49,64,48,6.06,Clouds
51,Bandar-E Lengeh,IR,26.5579,54.8807,79.09,43,5,5.66,Clear
52,Kovdor,RU,67.5662,30.4758,14.14,98,76,4.41,Clouds
53,Muros,ES,42.7762,-9.0603,59.09,80,99,23.33,Clouds
54,Guisa,CU,20.255,-76.5386,73.31,88,56,2.66,Clouds
55,Kushmurun,KZ,52.4503,64.6311,31.87,95,10,5.21,Clear
56,Butaritari,KI,3.0707,172.7902,80.8,79,100,11.68,Rain
57,Georgetown,MY,5.4112,100.3354,85.93,87,20,7.0,Clouds
58,Lishu,CN,43.3047,124.3278,59.22,27,86,30.96,Clouds
59,Kahului,US,20.8947,-156.47,84.22,58,40,23.02,Clouds
60,Ozernovskiy,RU,51.5,156.5167,31.68,74,100,6.29,Clouds
61,Cape Town,ZA,-33.9258,18.4232,60.12,64,0,18.41,Clear
62,Santarem,BR,-2.4431,-54.7083,78.93,94,20,4.61,Clouds
63,Svetlyy,RU,54.675,20.1347,44.65,76,54,19.73,Clouds
64,Zhigansk,RU,66.7697,123.3711,7.75,92,85,6.96,Clouds
65,Kuusamo,FI,65.9667,29.1833,21.24,86,0,6.91,Clear
66,Mataura,NZ,-46.1927,168.8643,55.83,68,76,12.33,Clouds
67,Amuntai,ID,-2.4177,115.2494,80.85,84,38,2.95,Rain
68,Palmer,US,42.1584,-72.3287,47.57,83,100,8.05,Mist
69,Clyde River,CA,70.4692,-68.5914,-0.17,85,100,12.66,Clouds
70,Lebu,CL,-37.6167,-73.65,56.07,93,34,10.49,Clouds
71,Afonso Claudio,BR,-20.0742,-41.1239,70.75,97,98,2.95,Clouds
72,Leningradskiy,RU,69.3833,178.4167,-5.37,89,100,13.44,Clouds
73,Barentu,ER,15.1139,37.5928,75.81,30,0,6.35,Clear
74,New Norfolk,AU,-42.7826,147.0587,65.91,43,0,2.86,Clear
75,Port Shepstone,ZA,-30.7414,30.455,64.62,57,99,15.79,Clouds
76,Hobart,AU,-42.8794,147.3294,66.25,55,20,6.91,Clouds
77,Hinche,HT,19.15,-72.0167,77.09,69,100,5.59,Clouds
78,Demba,CD,-5.51,22.2667,68.83,91,100,2.33,Clouds
79,Kijang,KR,35.2442,129.2139,62.33,50,0,4.38,Clear
80,Posse,BR,-14.0931,-46.3694,74.95,52,76,5.44,Clouds
81,Barrow,US,71.2906,-156.7887,8.62,72,100,4.61,Clouds
82,Marsh Harbour,BS,26.5412,-77.0636,78.53,81,99,14.2,Clouds
83,Ribeira Grande,PT,38.5167,-28.7,60.85,85,96,13.69,Clouds
84,Busselton,AU,-33.65,115.3333,72.23,71,99,10.11,Clouds
85,Riyadh,SA,24.6877,46.7219,75.34,11,96,8.01,Clouds
86,Klaksvik,FO,62.2266,-6.589,34.72,74,100,33.87,Clouds
87,Albany,US,42.6001,-73.9662,46.58,93,100,6.85,Rain
88,Salinopolis,BR,-0.6136,-47.3561,77.43,88,99,8.16,Rain
89,Cabo San Lucas,MX,22.8909,-109.9124,77.61,61,0,4.0,Clear
90,Kodiak,US,57.79,-152.4072,33.31,86,100,10.36,Snow
91,Preston,GB,53.7667,-2.7167,39.18,86,4,4.36,Clear
92,Torbay,CA,47.6666,-52.7314,33.58,94,100,19.57,Clouds
93,Mago,RU,53.2514,140.1822,26.47,79,94,4.56,Clouds
94,Nalut,LY,30.3333,10.85,57.7,49,0,15.95,Clear
95,Bathsheba,BB,13.2167,-59.5167,79.41,69,20,16.11,Clouds
96,Micheweni,TZ,-4.9667,39.8333,81.1,73,6,4.23,Clear
97,Tuktoyaktuk,CA,69.4541,-133.0374,23.0,74,75,5.75,Clouds
98,Broome,US,42.2506,-75.833,45.46,82,100,12.66,Rain
99,Strezhevoy,RU,60.7333,77.5889,31.59,99,100,4.63,Snow
100,Tasiilaq,GL,65.6145,-37.6368,19.56,94,100,11.1,Snow
101,Matadi,CD,-5.8167,13.45,75.47,96,100,1.9,Clouds
102,Derbent,RU,42.0678,48.2899,46.09,70,0,6.89,Clear
103,Gat,IL,31.61,34.7642,83.08,24,100,8.84,Clouds
104,Grindavik,IS,63.8424,-22.4338,27.07,74,0,5.75,Clear
105,Touros,BR,-5.1989,-35.4608,79.61,82,81,9.44,Clouds
106,Changji,CN,44.0167,87.3167,68.79,22,98,20.13,Sand
107,Lagoa,PT,39.05,-27.9833,59.61,84,100,14.81,Clouds
108,Lasa,IT,46.6166,10.7002,41.36,95,76,5.32,Clouds
109,Svetlogorsk,BY,52.6333,29.7333,46.56,74,100,16.53,Clouds
110,Tsalka,GE,41.5946,44.0891,33.39,96,77,3.69,Clouds
111,Mount Gambier,AU,-37.8333,140.7667,71.51,56,0,12.66,Clear
112,Clinton,US,42.587,-82.9199,44.89,70,75,8.05,Clouds
113,Lagos,NG,6.5833,3.75,82.72,86,49,5.23,Clouds
114,Teguise,ES,29.0605,-13.564,59.22,67,40,9.22,Clouds
115,Petropavlovsk-Kamchatskiy,RU,53.0452,158.6483,39.79,70,75,2.24,Clouds
116,Makakilo City,US,21.3469,-158.0858,82.72,50,40,17.27,Clouds
117,Miyazu,JP,35.5333,135.1833,52.0,48,10,6.98,Clear
118,La Ronge,CA,55.1001,-105.2842,44.82,56,20,6.91,Clouds
119,Ketchikan,US,55.3422,-131.6461,45.07,76,100,2.01,Clouds
120,Airai,TL,-8.9266,125.4092,74.16,44,90,1.63,Clouds
121,Nemuro,JP,43.3236,145.575,33.49,81,49,8.21,Clouds
122,Fort Nelson,CA,58.8053,-122.7002,45.99,36,100,6.91,Clouds
123,Port Elizabeth,ZA,-33.918,25.5701,55.69,96,100,12.66,Rain
124,Antofagasta,CL,-23.65,-70.4,61.88,81,15,3.24,Clouds
125,Chuy,UY,-33.6971,-53.4616,62.55,94,100,5.79,Clouds
126,Great Bend,US,38.3645,-98.7648,51.93,33,20,23.02,Clouds
127,Vacaria,BR,-28.5122,-50.9339,55.29,96,99,8.41,Clouds
128,Isangel,VU,-19.55,169.2667,84.42,69,73,11.48,Clouds
129,Ossora,RU,59.2353,163.0719,27.86,89,99,2.8,Clouds
130,Progreso,MX,21.2833,-89.6667,82.11,88,89,23.49,Clouds
131,Beringovskiy,RU,63.05,179.3167,10.24,65,3,2.13,Clear
132,Hami,CN,42.8,93.45,68.25,13,3,6.53,Clear
133,Peniche,PT,39.3558,-9.3811,58.28,84,100,12.97,Clouds
134,La Asuncion,VE,11.0333,-63.8628,77.49,85,2,17.0,Clear
135,Husavik,IS,66.0449,-17.3389,24.04,82,100,3.33,Clouds
136,Nobres,BR,-14.7203,-56.3275,76.24,78,29,1.83,Clouds
137,Vaini,TO,-21.2,-175.2,84.36,79,75,3.44,Clouds
138,Saint-Augustin,CA,51.226,-58.6502,24.37,93,63,6.02,Clouds
139,Lac Du Bonnet,CA,50.2536,-96.0612,31.55,80,81,12.71,Clouds
140,Hermanus,ZA,-34.4187,19.2345,51.8,82,0,11.7,Clear
141,Nikolskoye,RU,59.7035,30.7861,39.79,98,100,10.89,Clouds
142,Saint George,US,37.1041,-113.5841,79.39,10,0,12.66,Clear
143,Thompson,CA,55.7435,-97.8558,41.16,33,0,3.44,Clear
144,Vila Velha,BR,-20.3297,-40.2925,76.95,84,75,4.61,Clouds
145,Westport,US,41.1415,-73.3579,53.33,96,100,10.0,Rain
146,Ternate,ID,0.8,127.4,82.13,78,100,7.29,Clouds
147,Dzaoudzi,YT,-12.7887,45.2699,78.69,89,0,6.91,Clear
148,East London,ZA,-33.0153,27.9116,58.44,68,17,12.3,Rain
149,Umm Lajj,SA,25.0213,37.2685,85.51,24,68,10.07,Clouds
150,Cherskiy,RU,68.75,161.3,-1.16,88,31,6.33,Clouds
151,San Patricio,US,28.017,-97.5169,75.29,27,0,8.7,Clear
152,Sinnamary,GF,5.3833,-52.95,77.25,90,100,11.81,Clouds
153,Igrim,RU,63.1906,64.4162,16.25,95,100,6.6,Clouds
154,Bluff,NZ,-46.6,168.3333,56.23,64,83,28.3,Clouds
155,Kavieng,PG,-2.5744,150.7967,78.73,87,100,7.76,Rain
156,Edd,ER,13.9297,41.6925,84.06,39,0,9.33,Clear
157,Puerto Ayora,EC,-0.7393,-90.3518,78.24,87,13,6.38,Clouds
158,El Sauzal,MX,31.9,-116.6833,71.42,59,0,12.53,Clear
159,Aklavik,CA,68.2191,-135.0107,29.01,90,100,5.97,Clouds
160,Pangnirtung,CA,66.1451,-65.7125,12.09,95,99,4.21,Clouds
161,Lensk,RU,60.7253,114.9278,28.9,92,100,3.38,Snow
162,Ust-Kuyga,RU,70.0167,135.6,9.45,69,80,1.5,Clouds
163,Yenagoa,NG,4.9247,6.2642,78.51,91,100,4.09,Clouds
164,Syracuse,IT,37.0881,15.2792,53.19,66,0,11.12,Clear
165,Rudnogorsk,RU,57.2639,103.7519,32.79,74,88,10.42,Clouds
166,Bethel,US,41.3712,-73.414,50.85,91,100,16.11,Rain
167,Alyangula,AU,-13.8483,136.4192,87.67,62,40,6.91,Clouds
168,Saint-Pierre,RE,-21.3393,55.4781,73.9,78,75,6.91,Clouds
169,Pisco,PE,-13.7,-76.2167,66.25,82,0,14.97,Clear
170,Heinola,FI,61.2056,26.0381,37.0,97,100,14.41,Clouds
171,Talnakh,RU,69.4865,88.3972,2.21,94,99,3.38,Clouds
172,Tiksi,RU,71.6872,128.8694,-0.69,95,40,2.89,Clouds
173,Acapulco,MX,16.8634,-99.8901,76.51,76,4,3.38,Clear
174,Jibuti,DJ,11.5,42.5,71.82,76,84,11.86,Clouds
175,Russell,US,32.3502,-85.1999,61.83,47,21,10.04,Clouds
176,Kavaratti,IN,10.5669,72.642,82.8,73,96,3.29,Clouds
177,San Cristobal,VE,7.7669,-72.225,73.58,82,100,1.88,Clouds
178,Taltal,CL,-25.4,-70.4833,68.63,63,11,4.99,Clouds
179,Jihlava,CZ,49.3961,15.5912,44.96,66,100,20.69,Clouds
180,Coalinga,US,36.1397,-120.3602,91.65,32,6,4.03,Clear
181,Lososina,RU,48.9975,140.3106,35.65,42,50,7.02,Clouds
182,Tura,IN,25.5198,90.2201,79.03,64,0,4.09,Clear
183,Wagar,SD,16.1525,36.2032,79.88,29,0,9.64,Clear
184,Port Hardy,CA,50.6996,-127.4199,48.38,81,100,2.3,Rain
185,Havelock,US,34.8791,-76.9013,71.6,91,100,19.57,Clouds
186,Sayyan,YE,15.1718,44.3244,52.61,12,0,3.02,Clear
187,Sobolevo,RU,54.4299,31.8996,43.45,80,100,16.49,Clouds
188,Palmares Do Sul,BR,-30.2578,-50.5097,67.93,92,100,4.56,Clouds
189,Portland,US,45.5234,-122.6762,75.24,37,75,10.36,Clouds
190,Yulara,AU,-25.2406,130.9889,76.84,29,0,12.66,Clear
191,Rodeo,US,38.033,-122.2669,89.92,39,0,6.91,Clear
192,Puerto Madero,MX,14.7208,-92.4215,82.18,66,26,1.59,Clouds
193,Nuevo Progreso,MX,23.1667,-97.95,66.54,55,87,9.4,Clouds
194,Hilo,US,19.7297,-155.09,78.53,75,100,10.36,Clouds
195,Alice Springs,AU,-23.7,133.8833,76.55,27,0,11.5,Clear
196,Nuuk,GL,64.1835,-51.7216,12.81,92,32,4.23,Clouds
197,Turukhansk,RU,65.8167,87.9833,12.42,92,100,5.39,Clouds
198,Santa Vitoria Do Palmar,BR,-33.5189,-53.3681,63.01,94,100,5.82,Clouds
199,Puerto Escondido,MX,15.85,-97.0667,79.43,72,25,5.93,Clouds
200,Richards Bay,ZA,-28.783,32.0377,64.04,89,90,10.98,Rain
201,Iskateley,RU,67.6803,53.1512,-3.14,97,100,6.13,Clouds
202,Iqaluit,CA,63.7506,-68.5145,17.33,93,100,3.44,Snow
203,Manono,CD,-7.3,27.4167,69.15,95,89,1.63,Rain
204,Teliucu Inferior,RO,45.7167,22.8833,45.34,94,87,2.93,Clouds
205,Nelson Bay,AU,-32.7167,152.15,77.09,65,6,15.52,Clear
206,Sorong,ID,-0.8833,131.25,82.8,76,100,7.96,Clouds
207,Esperance,AU,-33.8667,121.9,71.44,38,29,20.33,Clouds
208,Milton,US,34.1322,-84.3007,58.78,43,77,4.0,Clouds
209,Bambous Virieux,MU,-20.3428,57.7575,77.25,88,40,9.22,Rain
210,Bismarck,US,46.8083,-100.7837,41.86,38,0,19.57,Clear
211,Jardim,BR,-21.4803,-56.1381,75.45,74,93,3.22,Clouds
212,Lorengau,PG,-2.0226,147.2712,82.0,81,100,15.39,Clouds
213,Ilulissat,GL,69.2167,-51.1,1.13,96,98,5.48,Clouds
214,Xining,CN,36.6167,101.7667,53.28,19,0,3.62,Clear
215,Tyulgan,RU,52.3405,56.166,26.82,98,72,2.39,Clouds
216,Zuwarah,LY,32.9312,12.082,58.66,63,0,5.66,Clear
217,Longyearbyen,SJ,78.2186,15.6401,6.64,78,20,14.97,Clouds
218,Sumbawanga,TZ,-7.9667,31.6167,57.07,92,89,2.59,Rain
219,Ahipara,NZ,-35.1667,173.1667,67.8,60,80,4.07,Clouds
220,Bridlington,GB,54.0831,-0.1919,37.89,84,12,4.0,Clouds
221,Uvinza,TZ,-5.1036,30.3911,63.97,94,67,1.52,Rain
222,Tebingtinggi,ID,3.3285,99.1625,75.7,93,100,0.94,Clouds
223,Necochea,AR,-38.5473,-58.7368,57.47,84,100,9.57,Clouds
224,Kirakira,SB,-10.4544,161.9205,83.39,79,100,11.45,Clouds
225,Mweka,CD,-4.85,21.5667,70.16,89,100,1.95,Clouds
226,Santa Maria,BR,-29.6842,-53.8069,67.3,100,75,1.14,Mist
227,San Rafael,AR,-34.6177,-68.3301,67.39,42,0,2.15,Clear
228,Cooma,AU,-36.2333,149.1333,56.97,100,75,8.05,Rain
229,Saint Anthony,US,45.0205,-93.218,31.95,88,100,19.57,Clouds
230,Chadan,RU,51.2833,91.5833,45.39,78,100,2.1,Rain
231,Padang,ID,-0.9492,100.3543,80.65,63,88,2.06,Clouds
232,Yaan,NG,7.3833,8.5667,81.81,67,98,9.73,Clouds
233,Merauke,ID,-8.4667,140.3333,86.25,63,63,8.84,Clouds
234,Khatanga,RU,71.9667,102.5,7.83,91,100,10.11,Clouds
235,Araouane,ML,18.9048,-3.5265,81.48,15,18,13.78,Clouds
236,Jiayuguan,CN,39.8167,98.3,66.22,9,8,17.74,Clear
237,Beyneu,KZ,45.3167,55.2,52.68,57,98,20.0,Clouds
238,Chirilagua,SV,13.2203,-88.1386,77.52,78,78,3.62,Clouds
239,Coahuayana,MX,18.7333,-103.6833,70.52,89,100,1.54,Clouds
240,Nanortalik,GL,60.1432,-45.2371,27.07,91,100,11.03,Clouds
241,Shahr-E Babak,IR,30.1165,55.1186,58.86,19,27,8.61,Clouds
242,Hofn,IS,64.2539,-15.2082,29.34,56,100,12.55,Clouds
243,Port Macquarie,AU,-31.4333,152.9167,73.89,78,65,11.36,Clouds
244,Aleksandrov Gay,RU,50.147,48.5704,45.37,83,88,9.62,Clouds
245,Victoria,HK,22.2855,114.1577,78.04,44,0,1.99,Clear
246,Santa Rosa,PH,14.3122,121.1114,90.09,62,100,9.75,Rain
247,Belmonte,BR,-15.8631,-38.8828,75.81,85,2,3.51,Clear
248,Bubaque,GW,11.2833,-15.8333,75.43,76,93,8.68,Clouds
249,Semnan,IR,35.5729,53.3971,67.84,15,0,2.3,Clear
250,Pacific Grove,US,36.6177,-121.9166,82.08,49,0,5.75,Clear
251,Zhanaozen,KZ,43.3,52.8,55.92,56,100,12.15,Clouds
252,Inhambane,MZ,-23.865,35.3833,73.72,89,39,8.1,Rain
253,Lavrentiya,RU,65.5833,-171.0,-2.25,72,64,4.38,Clouds
254,Ust-Maya,RU,60.4167,134.5333,27.88,75,71,6.44,Clouds
255,Vanimo,PG,-2.6741,141.3028,85.03,69,100,5.66,Clouds
256,Bazaliya,UA,49.7127,26.4733,43.47,85,41,8.25,Clouds
257,Baykit,RU,61.67,96.37,25.61,80,93,7.49,Clouds
258,Arlit,NE,18.7369,7.3853,84.36,8,0,8.21,Clear
259,Santa Isabel Do Rio Negro,BR,-0.4139,-65.0192,74.59,98,100,1.05,Clouds
260,Oranjestad,AW,12.524,-70.027,80.55,78,20,18.41,Clouds
261,Acarau,BR,-2.8856,-40.12,77.31,88,98,8.88,Clouds
262,Ponta Do Sol,PT,32.6667,-17.1,59.72,74,10,2.33,Clear
263,Alugan,PH,12.2188,125.4808,76.48,88,100,3.02,Rain
264,Matara,LK,5.9485,80.5353,78.3,86,97,3.56,Clouds
265,Flinders,AU,-34.5833,150.8552,72.18,80,93,4.0,Rain
266,Bahia Honda,CU,22.9036,-83.1592,77.85,79,59,5.5,Clouds
267,Tashara,RU,55.5195,83.5094,34.25,74,100,3.62,Clouds
268,Ancud,CL,-41.8697,-73.8203,52.23,90,69,1.03,Clouds
269,Lobanovo,RU,57.8595,56.3026,26.51,74,0,11.18,Clear
270,Belem De Sao Francisco,BR,-8.7539,-38.9658,79.72,58,100,15.93,Clouds
271,Payson,US,40.0444,-111.7321,56.68,23,0,4.61,Clear
272,Katsuura,JP,35.1333,140.3,60.93,54,0,8.59,Clear
273,Samarai,PG,-10.6167,150.6667,82.96,76,58,14.07,Rain
274,Labuhan,ID,-6.8844,112.2051,81.01,78,72,9.44,Clouds
275,Karimganj,IN,24.8667,92.35,79.45,66,0,1.83,Clear
276,The Valley,AI,18.217,-63.0578,78.66,74,9,20.62,Clear
277,Mar Del Plata,AR,-38.0023,-57.5575,64.09,89,75,11.99,Rain
278,Tautira,PF,-17.7333,-149.15,80.8,79,29,16.62,Rain
279,Srandakan,ID,-7.9386,110.2506,82.15,73,63,3.91,Clouds
280,West Plains,US,36.7281,-91.8524,43.63,75,75,14.0,Clouds
281,Mahebourg,MU,-20.4081,57.7,77.29,88,40,9.22,Clouds
282,Tessalit,ML,20.1986,1.0114,82.22,15,5,12.75,Clear
283,Sao Felix Do Xingu,BR,-6.6447,-51.995,71.94,97,18,0.94,Clouds
284,Salalah,OM,17.0151,54.0924,77.45,53,99,2.48,Clouds
285,Wolverhampton,GB,52.5855,-2.123,36.81,81,92,5.97,Clouds
286,Marquette,US,46.5333,-87.6335,31.44,95,100,8.05,Snow
287,Katakwi,UG,1.8911,33.9661,67.48,66,95,3.36,Clouds
288,Krasnyy Yar,RU,46.5331,48.3456,48.13,62,100,13.04,Clouds
289,Salinas,US,36.6777,-121.6555,83.01,36,0,10.36,Clear
290,Puerto Ayacucho,VE,5.6639,-67.6236,78.96,80,16,5.5,Clouds
291,Opunake,NZ,-39.4556,173.8583,68.45,69,81,17.25,Clouds
292,Port-Cartier,CA,50.0334,-66.8654,34.02,94,73,7.94,Clouds
293,Adre,TD,13.4667,22.2,77.16,12,3,7.47,Clear
294,Guerrero Negro,MX,27.9769,-114.0611,73.8,38,99,10.22,Clouds
295,Najran,SA,17.4924,44.1277,59.65,9,0,1.77,Clear
296,Pevek,RU,69.7008,170.3133,-1.41,79,99,9.08,Clouds
297,Dikson,RU,73.5069,80.5464,4.62,95,100,11.16,Clouds
298,Monroe,US,43.1501,-77.6831,46.45,91,100,5.75,Clouds
299,Chapais,CA,49.7834,-74.8492,33.58,98,100,12.08,Snow
300,Sitangkai,PH,4.6628,119.3928,77.97,86,100,5.55,Clouds
301,Twentynine Palms,US,34.1356,-116.0542,84.15,4,0,5.01,Clear
302,Touho,NC,-20.7833,165.2333,83.43,74,100,16.13,Clouds
303,Ballina,AU,-28.8667,153.5667,77.02,77,75,17.27,Clouds
304,Menongue,AO,-14.6585,17.691,61.45,93,4,1.86,Clear
305,Carlsbad,US,33.1581,-117.3506,92.57,48,0,5.01,Clear
306,Port Augusta,AU,-32.5,137.7667,78.89,33,2,5.97,Clear
307,Okhotsk,RU,59.3833,143.3,26.47,89,99,16.62,Clouds
308,Severnyy,RU,50.677,36.5532,42.84,65,0,6.71,Clear
309,Coquimbo,CL,-29.9533,-71.3436,56.93,94,100,4.61,Clouds
310,Jaltenango,MX,15.8719,-92.7247,75.33,74,99,3.91,Clouds
311,Camacha,PT,33.0833,-16.3333,54.82,82,20,3.44,Clouds
312,Wilmington,US,34.2257,-77.9447,69.71,90,20,12.66,Clouds
313,Sambava,MG,-14.2667,50.1667,74.68,90,76,5.28,Clouds
314,Saldanha,ZA,-33.0117,17.9442,53.65,72,0,16.78,Clear
315,Sao Francisco De Paula,BR,-29.4481,-50.5836,52.0,90,94,3.6,Clouds
316,Zheleznodorozhnyy,RU,55.7503,38.0042,46.81,91,100,9.78,Clouds
317,Beitbridge,ZW,-22.2167,30.0,69.78,71,61,25.17,Clouds
318,Komsomolskiy,UZ,40.4272,71.7189,61.52,48,88,0.0,Clouds
319,Jamame,SO,0.0722,42.7506,77.97,78,100,6.55,Clouds
320,San Luis,AR,-33.295,-66.3356,67.6,41,1,7.54,Clear
321,Moba,CN,33.2288,105.0179,52.74,75,100,4.32,Clouds
322,Ringebu,NO,61.5167,10.1667,18.19,89,93,8.05,Clouds
323,Roald,NO,62.5833,6.1333,37.76,60,20,17.27,Clouds
324,Bilma,NE,18.6853,12.9164,82.94,9,0,5.23,Clear
325,Vardo,NO,70.3705,31.1107,30.6,74,45,15.97,Clouds
326,Kruisfontein,ZA,-34.0033,24.7314,52.88,77,86,6.96,Rain
327,Boende,CD,-0.2167,20.8667,69.98,92,79,2.04,Rain
328,Luderitz,NA,-26.6481,15.1594,62.17,59,5,12.66,Clear
329,Mackenzie,CA,55.2999,-123.1698,41.22,93,100,5.75,Clouds
330,Kontagora,NG,10.3999,5.4695,80.83,65,33,6.85,Clouds
331,Vila Franca Do Campo,PT,37.7167,-25.4333,61.21,93,100,15.61,Clouds
332,Luancheng,CN,37.8792,114.6517,59.16,34,0,5.41,Clear
333,Namibe,AO,-15.1961,12.1522,71.24,76,20,4.74,Clouds
334,Kupang,ID,-10.1667,123.5833,83.82,71,100,2.26,Clouds
335,Ustyuzhna,RU,58.8394,36.4321,36.77,100,100,7.09,Clouds
336,Tshane,BW,-24.0196,21.8684,63.16,37,7,9.04,Clear
337,Den Helder,NL,52.9599,4.7593,42.98,72,40,21.99,Clouds
338,Pangkalanbuun,ID,-2.6833,111.6167,77.85,85,100,3.6,Clouds
339,Atkinson,US,42.8384,-71.147,46.58,74,100,11.99,Clouds
340,Constitucion,CL,-35.3333,-72.4167,55.36,94,30,10.51,Clouds
341,Voh,NC,-20.9667,164.7,84.45,67,100,14.45,Clouds
342,Sri Aman,MY,1.2376,111.4621,77.09,94,20,5.01,Clouds
343,Goldap,PL,54.3063,22.3036,43.39,84,93,15.12,Clouds
344,Tezu,IN,27.9167,96.1667,71.28,77,100,3.24,Clouds
345,Bilibino,RU,68.0546,166.4372,0.3,77,15,1.05,Clouds
346,Mehamn,NO,71.0357,27.8492,27.05,79,15,19.84,Clouds
347,Mpanda,TZ,-6.3655,31.0409,63.0,96,37,1.28,Rain
348,Arkhangelskaya,RU,45.6796,40.2754,45.14,71,33,13.69,Clouds
349,Bairnsdale,AU,-37.8333,147.6167,68.05,72,69,5.01,Clouds
350,Gazojak,TM,41.1875,61.4036,66.07,33,99,10.94,Clouds
351,Los Llanos De Aridane,ES,28.6585,-17.9182,58.75,74,75,11.5,Clouds
352,Rio Gallegos,AR,-51.6226,-69.2181,41.05,87,0,4.61,Clear
353,Ambilobe,MG,-13.2,49.05,73.99,95,100,2.39,Clouds
354,Labytnangi,RU,66.6572,66.4183,-1.52,98,100,2.64,Clouds
355,Veraval,IN,20.9,70.3667,83.44,50,9,9.19,Clear
356,Penhold,CA,52.1334,-113.8687,60.6,25,0,19.57,Clear
357,Killybegs,IE,54.6333,-8.45,40.73,76,100,10.98,Clouds
358,Lompoc,US,34.6391,-120.4579,87.94,37,0,12.66,Clear
359,Si Sa Ket,TH,14.8333,104.3333,80.01,46,94,6.64,Clouds
360,Dunedin,NZ,-45.8742,170.5036,61.81,50,40,18.01,Clouds
361,Harper,LR,4.375,-7.7169,79.59,83,98,3.62,Clouds
362,Tashtyp,RU,52.7939,89.8983,41.07,88,100,4.05,Clouds
363,Worland,US,44.0169,-107.9554,54.05,21,0,10.36,Clear
364,Ostrovnoy,RU,68.0531,39.5131,20.52,86,100,10.27,Clouds
365,Kaitangata,NZ,-46.2817,169.8464,59.4,54,17,16.62,Clouds
366,Cerrito,CO,6.8432,-72.694,54.7,91,99,2.62,Clouds
367,Shimoda,JP,34.6667,138.95,66.56,66,15,9.44,Clouds
368,Luba,GQ,3.4568,8.5547,78.69,86,100,3.87,Rain
369,Diu,IN,20.7141,70.9822,86.16,35,8,9.13,Clear
370,Dickinson,US,29.4608,-95.0513,69.94,26,0,16.11,Clear
371,Tual,ID,-5.6667,132.75,84.24,71,59,8.7,Clouds
372,Santa Cruz,BO,-17.8,-63.1667,78.26,83,31,5.75,Clouds
373,Sibolga,ID,1.7427,98.7792,77.72,84,98,1.74,Clouds
374,Celestun,MX,20.8667,-90.4,77.67,85,80,23.8,Clouds
375,Emba,KZ,48.8264,58.1442,42.04,74,21,4.65,Clouds
376,Balkhash,KZ,46.844,74.9804,48.81,87,0,17.9,Clear
377,Sitka,US,57.0531,-135.33,42.69,75,75,8.05,Rain
378,Nassau,US,40.7507,-73.5829,54.09,83,100,27.63,Mist
379,Ciudad Bolivar,VE,8.1222,-63.5497,85.87,46,50,16.49,Clouds
380,Capissayan,PH,18.0509,121.8177,75.33,93,100,4.79,Clouds
381,Nizhniy Odes,RU,63.6445,54.856,3.51,98,60,3.15,Clouds
382,Lata,PT,40.1629,-8.3327,57.81,92,100,4.05,Clouds
383,Sabang,ID,5.8933,95.3214,82.11,70,72,9.75,Clouds
384,Brae,GB,60.3964,-1.353,40.55,73,100,28.16,Clouds
385,Huilong,CN,31.8111,121.655,63.18,64,0,13.51,Clear
386,Tias,ES,28.9611,-13.645,60.48,67,40,9.22,Clouds
387,Narsaq,GL,60.9167,-46.05,24.94,86,50,2.17,Clouds
388,Avera,US,33.194,-82.5271,58.51,50,12,8.86,Clouds
389,Jinka,ET,5.65,36.65,65.57,54,100,4.03,Clouds
390,Yanam,IN,16.7333,82.2167,82.33,74,80,1.28,Clouds
391,Kaeo,NZ,-35.1,173.7833,71.33,69,58,7.94,Clouds
392,Asfi,MA,32.2994,-9.2372,56.17,83,0,14.45,Clear
393,Abu Samrah,SY,35.3029,37.1841,60.4,50,98,4.27,Clouds
394,Cidreira,BR,-30.1811,-50.2056,69.08,90,100,6.85,Clouds
395,Waspan,NI,14.7419,-83.9717,75.67,81,100,5.28,Clouds
396,Hambantota,LK,6.1241,81.1185,75.54,100,40,2.3,Clouds
397,Jiaojiang,CN,28.6803,121.4428,71.01,51,0,4.54,Clear
398,Algiers,DZ,36.7525,3.042,46.22,93,0,2.3,Clear
399,Marawi,PH,7.9986,124.2928,76.32,77,100,4.65,Clouds
400,Ust-Nera,RU,64.5667,143.2,24.42,88,100,4.65,Clouds
401,Gwembe,ZM,-16.4975,27.6069,63.54,91,100,1.41,Rain
402,Dukat,RU,62.55,155.55,20.44,78,100,3.98,Clouds
403,Brewster,US,41.3973,-73.6171,51.08,95,100,16.11,Rain
404,Skjervoy,NO,70.0311,20.9714,23.0,65,100,4.88,Clouds
405,Port Lincoln,AU,-34.7333,135.8667,69.12,65,0,8.08,Clear
406,Port Blair,IN,11.6667,92.75,78.84,89,75,2.3,Drizzle
407,Yining,CN,29.0361,114.5636,77.0,41,0,1.68,Clear
408,San Quintin,MX,30.4833,-115.95,72.93,43,0,5.3,Clear
409,Sept-Iles,CA,50.2001,-66.3821,34.32,68,20,5.75,Clouds
410,Sumbe,AO,-11.2061,13.8437,76.03,91,100,7.02,Clouds
411,Muskegon,US,43.3,-86.1334,40.86,82,100,12.66,Clouds
412,Praia,CV,14.9215,-23.5087,72.14,68,20,17.27,Clouds
413,Atherton,GB,53.5237,-2.4935,39.69,83,7,3.0,Clear
414,Kawalu,ID,-7.3817,108.2082,80.22,68,49,4.85,Clouds
415,Lively,CA,46.4334,-81.1498,38.32,94,62,3.8,Clouds
416,Luau,AO,-10.7073,22.2247,65.07,97,100,1.28,Clouds
417,Akdepe,TM,42.0551,59.3788,60.89,37,100,8.37,Clouds
418,Olinda,BR,-8.0089,-34.8553,82.13,74,40,4.61,Clouds
419,Egvekinot,RU,66.3167,-179.1667,-4.81,81,100,3.44,Clouds
420,Zyryanka,RU,65.75,150.85,13.53,87,100,6.78,Clouds
421,Aanekoski,FI,62.6946,25.818,32.07,100,100,12.17,Snow
422,Tsovak,AM,40.1825,45.6329,36.99,86,58,5.14,Clouds
423,Marrakesh,MA,31.6315,-8.0083,57.27,77,0,3.44,Clear
424,Kavali,IN,14.9167,79.9833,80.44,79,100,7.14,Clouds
425,Leh,IN,34.1667,77.5833,28.56,53,0,4.0,Clear
426,Naze,JP,28.3667,129.4833,70.72,57,4,11.12,Clear
427,Dingle,PH,10.9995,122.6711,76.82,88,100,8.5,Rain
428,Sengiley,RU,53.9622,48.7944,41.07,84,100,8.77,Clouds
429,Batagay,RU,67.6333,134.6333,13.37,84,96,2.57,Clouds
430,Provideniya,RU,64.3833,-173.3,1.51,92,40,8.99,Mist
431,Prince Rupert,CA,54.3161,-130.3201,41.09,87,100,11.5,Rain
432,Kautokeino,NO,69.0125,23.0412,13.3,100,92,1.16,Clouds
433,Sault Sainte Marie,CA,46.5168,-84.3333,39.49,92,100,0.0,Clouds
434,Tuatapere,NZ,-46.1333,167.6833,58.3,54,55,16.62,Clouds
435,Chitose,JP,42.8194,141.6522,48.09,65,20,12.66,Clouds
436,Chardara,KZ,41.2547,67.9692,61.7,53,100,9.82,Clouds
437,Mazara Del Vallo,IT,37.6641,12.588,55.35,80,10,10.31,Clear
438,Prata,BR,-19.3072,-48.9242,76.46,64,70,3.02,Clouds
439,Flin Flon,CA,54.7682,-101.865,30.72,92,91,2.46,Clouds
440,Hamilton,US,39.1834,-84.5333,44.55,82,75,6.91,Clouds
441,Bojnurd,IR,37.4747,57.329,51.75,76,0,11.5,Clear
442,Vrangel,RU,42.7297,133.0839,38.32,70,83,7.94,Clouds
443,Faqirwali,PK,29.4663,73.034,84.31,8,0,6.73,Clear
444,Chicama,PE,-7.8447,-79.1469,63.14,79,73,7.99,Clouds
445,Havoysund,NO,70.9963,24.6622,27.16,85,44,18.25,Clouds
446,West Wendover,US,40.7391,-114.0733,60.01,11,0,5.75,Clear
447,Bonavista,CA,48.6499,-53.1147,31.98,95,93,19.44,Clouds
448,Qui Nhon,VN,13.7667,109.2333,76.06,75,90,15.21,Clouds
449,Aykhal,RU,66.0,111.5,16.18,89,100,7.9,Clouds
450,Nexo,DK,55.0607,15.1306,39.29,86,91,33.38,Clouds
451,Ordynskoye,RU,54.3656,81.8994,35.38,82,100,2.15,Clouds
452,Codrington,AU,-38.2667,141.9667,72.0,51,0,6.46,Clear
453,San Juan,AR,-31.5375,-68.5364,75.06,34,0,8.52,Clear
454,Pundaguitan,PH,6.3711,126.1689,83.14,70,59,4.94,Clouds
455,Kutum,SD,14.2,24.6667,73.02,12,0,6.85,Clear
456,Nizwa,OM,22.9333,57.5333,76.35,29,0,0.72,Clear
457,Pankrushikha,RU,53.8319,80.3406,36.12,80,100,2.55,Clouds
458,Thunder Bay,CA,48.4001,-89.3168,33.3,77,100,13.8,Clouds
459,Annau,TM,37.8876,58.516,62.1,55,75,13.8,Clouds
460,Guangyuan,CN,32.442,105.823,70.83,54,54,1.57,Clouds
461,Yerbogachen,RU,61.2767,108.0108,27.55,93,100,9.82,Snow
462,Shahrud,IR,36.4182,54.9763,56.46,40,1,3.0,Clear
463,Port Hawkesbury,CA,45.6169,-61.3485,33.91,96,0,0.0,Clear
464,Rabo De Peixe,PT,37.8,-25.5833,60.31,94,75,12.66,Clouds
465,Omsukchan,RU,62.5333,155.8,21.13,80,100,5.03,Clouds
466,Makubetsu,JP,45.3714,141.8211,42.51,42,40,18.41,Clouds
467,Sendafa,ET,9.15,39.0333,50.94,49,17,4.83,Clouds
468,Urusha,RU,54.05,122.9,30.31,74,100,2.59,Clouds
469,Rantepao,ID,-2.9701,119.8978,79.57,65,100,2.37,Clouds
470,Yekimovichi,RU,54.1129,33.2965,44.01,80,100,13.09,Clouds
471,Vanavara,RU,60.34,102.2797,28.67,84,100,10.16,Snow
472,Nandura,IN,20.8333,76.45,87.98,16,4,3.91,Clear
473,Beckley,US,37.7782,-81.1882,44.56,90,100,5.75,Clouds
474,Fairbanks,US,64.8378,-147.7164,44.94,53,0,4.61,Clear
475,Sayat,TM,38.7839,63.8803,58.87,33,76,9.89,Clouds
476,Olafsvik,IS,64.8945,-23.7142,29.89,88,100,5.41,Snow
477,Atambua,ID,-9.1061,124.8925,82.94,63,65,1.74,Clouds
478,Sydney,AU,-33.8679,151.2073,74.35,78,75,17.27,Rain
479,Mogadishu,SO,2.0371,45.3438,80.96,78,86,10.98,Clouds
480,Kashi,CN,39.4547,75.9797,69.01,13,20,13.42,Clouds
481,Lenger,KZ,42.183,69.8839,51.24,56,100,4.83,Clouds
482,Kembe,CF,4.6228,21.8865,69.24,95,100,4.81,Rain
483,Deep River,CA,46.1001,-77.4995,42.94,97,100,6.78,Clouds
484,Kukushtan,RU,57.6464,56.4952,26.22,94,100,4.81,Clouds
485,Lichinga,MZ,-13.3128,35.2406,60.08,98,97,4.27,Rain
486,Ola,RU,59.5833,151.2833,28.15,78,81,5.84,Clouds
487,Orocue,CO,4.7912,-71.3354,78.28,82,54,2.01,Clouds
488,Maningrida,AU,-12.0667,134.2667,86.79,47,100,7.4,Clouds
489,Catumbela,AO,-12.4314,13.5472,74.44,90,72,2.98,Rain
490,Balikpapan,ID,-1.2675,116.8289,81.59,78,20,8.05,Rain
491,Bo Rai,TH,12.5728,102.5371,83.77,45,91,6.85,Clouds
492,Altay,CN,47.8667,88.1167,50.99,59,100,5.57,Rain
493,Butterworth,MY,5.3991,100.3638,86.04,87,20,7.0,Clouds
494,Rocha,UY,-34.4833,-54.3333,59.49,95,0,4.38,Clear
495,Andenes,NO,69.3143,16.1194,30.18,69,85,12.66,Clouds
496,San Angelo,US,31.4638,-100.437,62.55,16,0,7.34,Clear
497,Hasaki,JP,35.7333,140.8333,66.29,44,0,9.57,Clear
498,Kamenka,RU,51.3223,42.7678,42.33,77,17,9.22,Clouds
499,Abha,SA,18.2164,42.5053,55.22,13,0,0.0,Clear
500,Magadan,RU,59.5667,150.8,27.54,80,89,8.16,Clouds
501,Raga,SS,8.4596,25.678,73.22,66,81,4.23,Clouds
502,Qalyub,EG,30.1792,31.2056,81.39,45,50,8.1,Clouds
503,Hirara,JP,24.8,125.2833,75.06,60,40,19.57,Clouds
504,Escanaba,US,45.7453,-87.0646,35.56,95,100,3.44,Clouds
505,Kantang,TH,7.4054,99.5156,78.89,89,20,2.3,Clouds
506,Matamoros,MX,25.5333,-103.25,69.39,19,52,20.02,Clouds
507,Skegness,GB,53.1436,0.3363,40.05,86,5,15.21,Clear
508,Abilene,US,32.4487,-99.7331,62.82,15,0,9.22,Clear
509,San Jose,US,37.3394,-121.895,90.68,28,75,13.8,Clouds
510,Cocentaina,ES,38.7398,-0.4398,56.7,66,0,8.9,Clear
511,Vylkove,UA,45.4021,29.586,47.82,86,100,3.91,Clouds
512,Akalkot,IN,17.5333,76.2167,88.84,28,6,12.17,Clear
513,Esna,EG,25.2934,32.554,77.02,13,53,3.89,Clouds
514,Baculin,PH,7.4525,126.5842,82.36,81,93,3.98,Clouds
515,Xam Nua,LA,20.4197,104.0439,72.27,40,6,3.69,Clear
516,Surt,LY,31.2089,16.5887,59.45,77,0,12.3,Clear
517,Szydlowiec,PL,51.2282,20.8611,48.31,67,100,18.54,Rain
518,Asau,RO,46.4333,26.4,40.28,92,86,6.82,Clouds
519,Kirovsk,UA,48.6375,38.6428,44.83,76,70,11.07,Clouds
520,Massaguet,TD,12.4755,15.4365,88.29,14,100,7.09,Clouds
521,Novyy Urengoy,RU,66.0833,76.6333,-4.95,99,91,7.36,Clouds
522,Pringsewu,ID,-5.3582,104.9744,82.98,66,94,6.96,Clouds
523,Jacareacanga,BR,-6.2222,-57.7528,73.69,98,100,1.99,Clouds
524,Filingue,NE,14.3521,3.3168,83.01,15,10,3.44,Clear
525,Kaniama,CD,-7.5667,24.1833,66.42,94,100,2.91,Clouds
526,Dabat,ET,12.9842,37.765,56.88,26,0,8.46,Clear
527,Eskil,TR,38.4017,33.4131,52.75,59,0,9.55,Clear
528,Havre-Saint-Pierre,CA,50.2334,-63.5986,37.4,80,100,8.05,Clouds
529,Karasburg,NA,-28.0167,18.75,58.91,28,0,9.57,Clear
530,Muborak,UZ,39.2553,65.1528,67.89,40,97,11.99,Clouds
531,Gonbad-E Qabus,IR,37.25,55.1672,51.71,93,100,4.61,Clouds
532,Saskylakh,RU,71.9167,114.0833,-0.58,98,99,4.16,Clouds
533,Anadyr,RU,64.75,177.4833,3.7,71,0,11.18,Clear
534,Qandala,SO,11.472,49.8728,79.56,60,47,4.36,Clouds
535,Camocim,BR,-2.9022,-40.8411,76.51,89,81,9.66,Clouds
536,Ziniare,BF,12.5822,-1.2983,84.24,38,35,11.83,Clouds
537,Kidal,ML,18.4411,1.4078,86.74,8,0,6.22,Clear
538,Binzhou,CN,37.3667,118.0167,73.62,38,4,11.12,Clear
539,Kudahuvadhoo,MV,2.6708,72.8944,83.79,70,89,5.12,Clouds
540,Meulaboh,ID,4.1363,96.1285,79.45,76,69,4.07,Clouds
541,Oil City,US,41.4339,-79.7064,43.0,94,100,5.75,Clouds
542,Jalu,LY,29.0331,21.5482,61.43,59,0,17.54,Clear
543,Sheridan,US,44.8333,-106.9173,44.69,25,8,5.88,Clear
544,Korla,CN,41.7597,86.1469,66.2,17,14,3.65,Clouds
545,Agadez,NE,19.75,10.25,80.19,8,0,2.06,Clear
546,Sola,VU,-13.8833,167.55,83.08,76,99,13.0,Clouds
547,Lingao,CN,19.9103,109.6859,74.41,67,4,7.85,Clear
548,Nokaneng,BW,-19.6667,22.2667,72.61,37,44,5.32,Clouds
549,Khorinsk,RU,52.1657,109.7726,42.31,42,29,14.58,Clouds
550,Lichuan,CN,30.3,108.85,66.25,40,3,3.51,Clear
551,Rio Grande,BR,-32.035,-52.0986,68.95,87,100,11.12,Clouds
552,Beaufort,MY,5.3473,115.7455,84.0,68,96,4.36,Clouds
553,Helong,CN,42.5397,128.9972,62.15,28,11,13.13,Clouds
554,Manaure,CO,11.7751,-72.4445,79.74,79,100,17.94,Clouds
555,Sibu,MY,2.3,111.8167,79.11,83,20,3.44,Clouds
556,Kattivakkam,IN,13.2167,80.3167,84.07,85,100,2.75,Clouds
557,Port-Gentil,GA,-0.7193,8.7815,80.46,85,49,13.65,Rain
558,Bluefields,NI,12.0137,-83.7635,78.44,81,97,7.61,Clouds
559,Giyani,ZA,-23.3025,30.7187,67.6,76,100,9.75,Clouds
560,North Bend,US,43.4065,-124.2243,63.25,80,0,10.36,Clear
561,Pitimbu,BR,-7.4706,-34.8086,77.59,81,68,6.87,Clouds
562,Langsa,ID,4.4683,97.9683,82.2,72,99,2.04,Clouds
563,Sabya,SA,17.1495,42.6254,76.62,60,0,1.63,Clear
564,Khandbari,NP,27.3747,87.2039,69.22,74,50,0.85,Clouds
565,Hyeres,FR,43.1167,6.1167,62.35,61,0,21.85,Clear
566,Deyskoye,RU,43.4755,44.1618,35.74,85,18,1.72,Clouds
567,Luang Prabang,LA,19.8856,102.1347,69.76,83,0,0.0,Clear
568,Kingman,US,35.1894,-114.053,78.28,12,0,10.02,Clear
569,Tilichiki,RU,60.4667,166.1,21.7,88,100,5.82,Clouds
570,Sangmelima,CM,2.9333,11.9833,68.47,98,93,2.8,Rain
571,Pafos,CY,34.7667,32.4167,66.24,59,100,2.3,Clouds
572,Ukiah,US,39.1502,-123.2078,87.69,14,0,3.44,Clear
573,Usevya,TZ,-7.1,31.2333,63.64,96,93,2.57,Rain
574,Valle Hermoso,MX,25.6667,-97.8333,66.92,36,3,9.15,Clear
575,Itarema,BR,-2.9248,-39.9167,76.6,90,97,8.3,Clouds
576,Bonthe,SL,7.5264,-12.505,77.23,84,98,1.63,Clouds
577,Surskoye,RU,54.4821,46.7214,35.55,94,100,5.86,Clouds
578,Teykovo,RU,56.858,40.5369,37.0,99,100,8.37,Rain
579,Muslyumovo,RU,55.3033,53.1947,33.03,93,100,8.99,Snow
580,Gustavo Diaz Ordaz,MX,26.2333,-98.5833,72.03,29,1,1.01,Clear
581,Fermoy,IE,52.1358,-8.2758,39.31,88,100,4.65,Clouds
582,Dawei,MM,14.0833,98.2,88.57,36,100,6.13,Clouds
583,Yarada,IN,17.65,83.2667,80.92,89,20,2.3,Mist
584,Poltava,UA,49.5937,34.5407,44.06,75,89,7.34,Clouds
585,Tocantins,BR,-10.5,-48.0,77.29,79,6,0.43,Clear
586,Tayu,ID,-6.5397,111.0518,84.0,68,56,10.07,Clouds
587,Berezovka,BY,53.7214,25.4993,49.23,86,100,18.05,Clouds
588,Henties Bay,NA,-22.116,14.2845,59.94,84,0,4.63,Clear
589,Yinchuan,CN,38.4681,106.2731,69.39,8,95,10.74,Clouds
590,Cabedelo,BR,-6.9811,-34.8339,77.67,82,22,7.34,Clouds
591,Pemberton,CA,50.3164,-122.8027,56.89,93,98,5.23,Clouds
592,Nisia Floresta,BR,-6.0911,-35.2086,80.98,89,19,5.08,Clouds
593,Sironj,IN,24.1,77.7,86.49,13,16,2.66,Clouds
594,Gore,NZ,-46.1028,168.9436,56.98,63,54,14.52,Clouds
595,Cayenne,GF,4.9333,-52.3333,79.09,1,75,5.01,Clouds
596,Yar-Sale,RU,66.8333,70.8333,-5.85,99,98,8.34,Clouds
597,Denpasar,ID,-8.65,115.2167,85.71,79,20,5.75,Clouds
598,Gornopravdinsk,RU,60.05,69.9,30.85,98,100,9.8,Snow
599,Leshukonskoye,RU,64.8989,45.7622,25.88,94,99,4.97,Clouds
600,Berberati,CF,4.2612,15.7922,70.02,85,97,1.86,Clouds
601,Nacogdoches,US,31.6002,-94.6335,64.04,20,0,13.8,Clear
602,Nhulunbuy,AU,-12.2333,136.7667,92.01,52,20,8.05,Clouds
603,Alofi,NU,-19.0595,-169.9187,85.89,70,75,11.5,Clouds
604,Port Hedland,AU,-20.3167,118.5667,95.05,36,9,8.05,Clear
605,Waipawa,NZ,-41.4122,175.5153,59.29,69,83,3.69,Clouds
606,Louis Trichardt,ZA,-23.0439,29.9032,60.96,89,99,12.88,Clouds
607,Sur,OM,22.5667,59.5289,84.34,44,43,7.61,Clouds
608,Bien Hoa,VN,10.95,106.8167,84.18,56,100,5.82,Clouds
609,Ngunguru,NZ,-35.6167,174.5,66.36,58,100,6.98,Clouds
610,Xichang,CN,27.8964,102.2634,61.9,57,100,2.37,Clouds
611,Matane,CA,48.8286,-67.522,33.78,87,100,9.62,Clouds
612,Vallenar,CL,-28.5708,-70.7581,71.37,21,0,3.27,Clear
613,Mayo,US,38.8876,-76.5119,51.13,93,100,4.61,Clouds
614,Bereznik,RU,62.8551,42.7072,28.17,85,100,10.31,Clouds
615,Tukrah,LY,32.5341,20.5791,58.69,85,58,15.21,Clouds
616,Borovsk,RU,55.2064,36.4861,39.94,90,100,9.22,Clouds
617,Baker City,US,44.7749,-117.8344,52.23,51,24,6.78,Clouds
618,Bar Harbor,US,44.3876,-68.2039,42.66,75,100,5.75,Clouds
619,Verkhoyansk,RU,67.5447,133.385,12.38,80,92,2.57,Clouds
620,Passo De Camaragibe,BR,-9.2368,-35.4901,76.55,93,13,0.98,Clouds
621,Carazinho,BR,-28.2839,-52.7864,59.74,95,100,8.52,Clouds
622,Nabire,ID,-3.3667,135.4833,85.98,65,100,3.06,Clouds
623,Suda,RU,59.1525,37.5582,35.65,99,100,8.23,Clouds
624,Lazaro Cardenas,MX,17.9583,-102.2,74.17,80,100,5.35,Clouds
625,Pochutla,MX,15.7432,-96.4661,81.82,68,100,4.81,Clouds
626,Eseka,CM,3.65,10.7667,75.11,99,96,1.97,Rain
627,Shebunino,RU,46.4339,141.8603,37.51,54,13,14.43,Clouds
628,Yumen,CN,40.2833,97.2,65.44,11,4,23.47,Clear
629,Beloha,MG,-25.1667,45.05,73.83,91,88,4.16,Clouds
630,Pyay,MM,18.8167,95.2167,87.57,55,48,6.33,Clouds
631,Mogila,MK,41.1083,21.3786,43.41,87,14,3.83,Clouds
632,Raudeberg,NO,61.9875,5.1352,32.95,91,18,24.92,Clouds
633,Tommot,RU,58.9564,126.2925,22.28,82,100,5.79,Clouds
634,Half Moon Bay,US,37.4636,-122.4286,85.78,35,0,13.8,Clear
635,Ambovombe,MG,-25.1667,46.0833,74.88,85,71,1.48,Clouds
636,Zaysan,KZ,47.4667,84.8667,58.14,59,98,2.35,Clouds
637,Ponta Delgada,PT,37.7333,-25.6667,61.52,94,75,12.66,Clouds
638,Bielsk Podlaski,PL,52.7651,23.1865,47.25,78,100,16.2,Clouds
639,Vostok,RU,46.4856,135.8833,33.73,49,63,9.22,Clouds
640,Yamada,JP,39.4667,141.95,48.43,54,22,11.34,Clouds
641,Ibirama,BR,-27.0569,-49.5178,72.32,100,100,1.86,Clouds
642,Dwarka,IN,22.2394,68.9678,80.49,73,26,9.98,Clouds
643,Khasan,RU,42.4308,130.6434,44.71,62,9,19.1,Clear
644,Jaguaruna,BR,-28.615,-49.0256,69.3,90,100,8.59,Clouds
645,Chegdomyn,RU,51.1167,133.0167,30.04,77,100,2.35,Clouds
646,Guaratinga,BR,-16.5667,-39.5667,70.34,85,6,0.78,Clear
647,Newport,GB,51.5877,-2.9984,41.68,87,100,2.06,Clouds
648,Teknaf,BD,20.8624,92.3058,81.37,67,9,1.77,Clear
649,Mount Isa,AU,-20.7333,139.5,87.57,25,0,10.36,Clear
650,Monrovia,LR,6.3005,-10.7969,76.77,86,98,4.45,Clouds
651,Orapa,BW,-21.2833,25.3667,74.62,43,21,14.72,Clouds
652,Grand Gaube,MU,-20.0064,57.6608,77.4,88,27,1.99,Clouds
653,Faya,SA,18.3851,42.4509,55.51,10,0,4.97,Clear
654,Dauphin,CA,51.1494,-100.0502,37.54,56,0,14.97,Clear
655,Neuquen,AR,-38.9516,-68.0591,64.29,63,0,5.75,Clear
656,Yanzhou,CN,35.5528,116.8286,71.74,58,0,11.39,Clear
657,Orotukan,RU,62.2667,151.7,18.9,85,100,2.75,Clouds
658,Moundsville,US,39.9203,-80.7431,49.84,84,30,4.05,Clouds
659,Bar-Le-Duc,FR,48.75,5.1667,44.98,91,99,12.24,Clouds
660,Voyvozh,RU,62.892,54.9635,20.01,97,99,3.0,Clouds
661,Zeya,RU,53.75,127.2667,32.5,46,100,5.88,Clouds
662,Lerwick,GB,60.1545,-1.1494,39.2,74,100,27.74,Clouds
663,Hirado,JP,33.3597,129.5531,60.46,58,0,6.4,Clear
664,Juegang,CN,32.3174,121.1855,67.51,58,0,12.46,Clear
665,Cerro Largo,BR,-28.1486,-54.7381,65.41,98,100,3.2,Clouds
666,Diamantino,BR,-14.4086,-56.4461,76.19,75,35,0.96,Clouds
667,Noordwijkerhout,NL,52.25,4.4833,43.03,77,45,3.0,Clouds
668,Kirillov,RU,59.863,38.3813,34.81,99,100,6.64,Clouds
669,Road Town,VG,18.4167,-64.6167,77.04,88,20,10.36,Clouds
670,General Roca,AR,-39.0333,-67.5833,59.63,59,1,13.38,Clear
671,Johi,PK,26.6921,67.6133,86.81,21,0,7.9,Clear
672,Erbach,DE,49.6561,8.9964,47.05,60,100,15.43,Clouds
673,Ixtapa,MX,20.7,-105.2,73.22,85,43,1.01,Clouds
674,Luanda,AO,-8.8368,13.2343,77.0,88,75,8.05,Clouds
675,Walvis Bay,NA,-22.9575,14.5053,57.09,94,0,8.05,Clear
676,Ojinaga,MX,29.5667,-104.4167,72.55,17,0,11.5,Clear
677,Toora-Khem,RU,52.4675,96.11,36.43,89,100,2.84,Clouds
678,Pak Phanang,TH,8.3511,100.202,82.42,71,98,3.44,Clouds
679,Lutkun,RU,41.4808,47.6858,44.26,82,11,9.93,Clouds
680,Phan Thiet,VN,10.9333,108.1,82.15,63,67,0.85,Clouds
681,Suluq,LY,31.6682,20.2521,57.47,80,3,15.66,Clear
682,Byron Bay,AU,-28.65,153.6167,76.95,67,71,12.03,Rain
683,Imbituba,BR,-28.24,-48.6703,73.81,86,100,8.79,Clouds
684,Dongsheng,CN,39.8161,109.9776,62.8,13,0,18.16,Clear
685,Severo-Yeniseyskiy,RU,60.3725,93.0408,23.7,89,100,7.63,Snow
686,Polunochnoye,RU,60.8697,60.4153,17.67,95,73,3.6,Clouds
687,High Rock,BS,26.6208,-78.2833,78.82,82,100,17.09,Clouds
688,Deputatskiy,RU,69.3,139.9,-2.52,95,97,4.41,Clouds
689,Elizabeth City,US,36.2946,-76.2511,60.82,93,79,1.99,Clouds
690,Vila,PT,42.0304,-8.1588,45.48,89,99,8.23,Clouds
691,Lakatoro,VU,-16.0999,167.4164,84.18,73,89,6.35,Clouds
692,Malaia,RO,45.35,24.0333,42.31,89,57,6.73,Clouds
693,Namatanai,PG,-3.6667,152.4333,77.47,89,100,2.84,Rain
694,Grand-Lahou,CI,5.1367,-5.0242,79.63,87,91,6.64,Clouds
695,Vestmannaeyjar,IS,63.4427,-20.2734,34.18,79,100,5.14,Snow
696,Cape Canaveral,US,28.4058,-80.6048,72.01,83,100,13.38,Clouds
697,Brigantine,US,39.4101,-74.3646,58.05,100,100,8.05,Mist
698,Presidente Medici,BR,-11.1753,-61.9014,74.25,96,85,1.72,Clouds
699,Thinadhoo,MV,0.5333,72.9333,82.92,67,94,7.81,Clouds
700,Garca,BR,-22.2106,-49.6561,68.74,85,72,4.47,Clouds
701,Sabha,LY,27.0377,14.4283,63.41,50,21,20.71,Clouds
702,Guarapari,BR,-20.6667,-40.4975,76.89,85,69,4.38,Clouds
703,Kalanguy,RU,51.0167,116.5167,45.18,43,8,18.48,Clear
704,Mabaruma,GY,8.2,-59.7833,74.25,85,27,3.98,Clouds
705,Nichinan,JP,31.6,131.3667,65.88,50,0,4.23,Clear
706,San Blas,MX,21.5167,-105.2667,68.68,90,75,1.07,Clouds
707,Chengde,CN,40.9725,117.9361,60.75,32,1,2.44,Clear
708,Aloleng,PH,16.1307,119.7824,85.96,61,100,4.56,Clouds
709,Cacador,BR,-26.7753,-51.015,61.68,99,100,2.42,Clouds
